rmse,mae,r2,n_test,uncertainty_error_correlation,mean_uncertainty,std_uncertainty,quantile_metrics
0.2968219124566236,0.20066276447103867,-0.17933480116022427,694,0.11514650892156746,0.042512838,0.02567843,"{'q0.1_coverage': 0.6945244956772334, 'q0.1_loss': 0.055529218330521955, 'q0.5_loss': 0.09688024770722586, 'q0.9_coverage': 0.23198847262247838, 'q0.9_loss': 0.09948917886027027}"
0.2582296360282843,0.17752104693696313,0.10739901311132027,694,0.1132358680223743,0.037504587,0.0154061,"{'q0.1_coverage': 0.6080691642651297, 'q0.1_loss': 0.025892815176404873, 'q0.5_loss': 0.08768961943210385, 'q0.9_coverage': 0.24927953890489912, 'q0.9_loss': 0.08585071380844353}"
0.28135810803207467,0.19002884322445995,-0.059653962171309916,694,0.10557823448530289,0.03502468,0.0148159815,"{'q0.1_coverage': 0.5403458213256485, 'q0.1_loss': 0.0214599494252545, 'q0.5_loss': 0.09209418935762749, 'q0.9_coverage': 0.2420749279538905, 'q0.9_loss': 0.09207219613823361}"
0.2772287399101725,0.18740707195979642,-0.02877807088266282,694,0.04007283361488125,0.033257697,0.016737467,"{'q0.1_coverage': 0.5590778097982709, 'q0.1_loss': 0.025987611847172958, 'q0.5_loss': 0.09186396560315757, 'q0.9_coverage': 0.24639769452449567, 'q0.9_loss': 0.09036713620187321}"
0.3163772124929614,0.22590463819842435,-0.3398481688265238,694,0.11384423246400803,0.033474606,0.019387502,"{'q0.1_coverage': 0.4322766570605187, 'q0.1_loss': 0.01557311690905329, 'q0.5_loss': 0.10690630937126225, 'q0.9_coverage': 0.25504322766570603, 'q0.9_loss': 0.10192215193050948}"
