,count,mean,std,min,25%,50%,75%,max
rmse,5.0,0.28600312178402326,0.021849279502197172,0.2582296360282843,0.2772287399101725,0.28135810803207467,0.2968219124566236,0.3163772124929614
mae,5.0,0.1963048729581365,0.018483295516060854,0.17752104693696313,0.18740707195979642,0.19002884322445995,0.20066276447103867,0.22590463819842435
r2,5.0,-0.1000431979858801,0.16847541514228254,-0.3398481688265238,-0.17933480116022427,-0.059653962171309916,-0.02877807088266282,0.10739901311132027
n_test,5.0,694.0,0.0,694.0,694.0,694.0,694.0,694.0
uncertainty_error_correlation,5.0,0.09757553550162679,0.032362244737261715,0.04007283361488125,0.10557823448530289,0.1132358680223743,0.11384423246400803,0.11514650892156746
mean_uncertainty,5.0,0.03635488077998161,0.0038373242132365704,0.03325769677758217,0.03347460553050041,0.03502468019723892,0.037504587322473526,0.042512837797403336
std_uncertainty,5.0,0.018405094742774963,0.004430666100233793,0.01481598149985075,0.015406100079417229,0.01673746667802334,0.01938750222325325,0.025678429752588272
